{"0": {"sum": 275397.1375211342, "count": 550068, "mean": 0.5006601684176033}, "1": {"sum": 258740.0650137891, "count": 550068, "mean": 0.4703783259774957}, "2": {"sum": 414259.0, "count": 550068, "mean": 0.7531050706458111}, "3": {"sum": 228867.66666710348, "count": 550068, "mean": 0.4160715887255821}, "4": {"sum": 254529.59999965457, "count": 550068, "mean": 0.46272388141039755}, "5": {"sum": 286761.5, "count": 550068, "mean": 0.5213200913341623}, "6": {"sum": 255564.0, "count": 550068, "mean": 0.46460437618621697}, "7": {"sum": 225337.0, "count": 550068, "mean": 0.40965298835780306}, "8": {"sum": 299169.94736844435, "count": 550068, "mean": 0.5438781157392256}, "9": {"sum": 231559.25, "count": 376430, "mean": 0.6151455781951491}, "10": {"sum": 90575.39999996751, "count": 550068, "mean": 0.16466218722043005}, "11": {"sum": 212777.68349408987, "count": 550068, "mean": 0.3868206903402668}}	
